<?xml version="1.0" encoding="utf-8"?><feed xmlns="http://www.w3.org/2005/Atom" ><generator uri="https://jekyllrb.com/" version="4.1.0">Jekyll</generator><link href="http://localhost:4000/atom.xml" rel="self" type="application/atom+xml" /><link href="http://localhost:4000/" rel="alternate" type="text/html" /><updated>2020-06-13T23:19:40+02:00</updated><id>http://localhost:4000/atom.xml</id><title type="html">holism in the attic</title><subtitle>Wisdom is one thing. It is to know the thought by which all things are steered through all things.</subtitle><author><name>zeruhur</name><email>zeruhur@mail.com</email></author><entry><title type="html">Creating Worlds</title><link href="http://localhost:4000/projects/creating-worlds/" rel="alternate" type="text/html" title="Creating Worlds" /><published>2020-06-13T00:00:00+02:00</published><updated>2020-06-13T00:00:00+02:00</updated><id>http://localhost:4000/projects/creating-worlds</id><content type="html" xml:base="http://localhost:4000/projects/creating-worlds/">&lt;p&gt;Recently I have found again the will to do some worldbuing. The starting points this time are a read and an app.&lt;/p&gt;

&lt;p&gt;The former is the curious and (to me) excellent free RPG that goes under the evocative name of &lt;a href=&quot;http://mazesandminotaurs.free.fr/&quot;&gt;Mazes &amp;amp; Minotaurs&lt;/a&gt;. The latter is the amazing &lt;a href=&quot;https://azgaar.github.io/Fantasy-Map-Generator/&quot;&gt;Azgaar’s Fantasy Map Generator&lt;/a&gt;.&lt;/p&gt;

&lt;p&gt;M&amp;amp;M starts with an uchronic assumption: what if Gygax and Anerson decided to use Ancient Greek mithology as inspiration instead of Lord of the Ring to create Dungeons &amp;amp; Dragons? Now the world (of role playing) would be so different! &lt;a href=&quot;http://storygame.free.fr/how.html&quot;&gt;Someone&lt;/a&gt; build an entire ruleset on this assumption that is fun to read (and to play I guess) on something different to your “elf &amp;amp; dwarves stuck in a underground dungeon” usual campaing.&lt;/p&gt;

&lt;p&gt;So, I speculate about that a bit. LoTR was a strong influence on the early RPG designers, that became a &lt;em&gt;de facto&lt;/em&gt; standard when from RPG some campaing logs developed into full lenght novels. After D&amp;amp;D fantasy was not the same for better or for worse.&lt;/p&gt;

&lt;p&gt;Here in Italy it is quite usual if one goes to &lt;em&gt;liceo&lt;/em&gt; (the oldest and respectable form of high school) to grown up absorbed in greek and latin literature. Personally, not only I attended &lt;em&gt;liceo scientifico&lt;/em&gt; (scientific subjects oriented high school) but I somewhat grown up with greek mithology since my mother brought me a children book on that subject. Then in middle school we studied &lt;em&gt;Iliad&lt;/em&gt; and &lt;em&gt;Odissey&lt;/em&gt; with all their connected lore. My literature teacher saw I was passionate about the subject and she assigned to me a greek mithology anthology that summer.
Long story short: I know my mithology.&lt;/p&gt;

&lt;p&gt;Thinking about LoTR, Tolkien based his worlbuilding and writing heavily on nordic mithology. Why southern europe mithology did not have the same impact on fantasy? Greek and Roman mithology are not the base of any mainstream fantasy series published in the last thirty years. Well, when I was in my teens there were &lt;em&gt;Hercules&lt;/em&gt; and &lt;em&gt;Xena&lt;/em&gt; on TV, but after that? I did not really read anything about &lt;em&gt;Percy Jackson&lt;/em&gt; but having seen the movie I found it more a urban fantasy than anything.&lt;/p&gt;

&lt;p&gt;My idea is to create a high fantasy setting based on the culture and mithology of Classic Civilization.&lt;/p&gt;

&lt;p&gt;Here Azgaar’s Map Generator comes handy. It is the most useful procedural generator a world-builder might desire: it makes a map in seconds, but the result can be tweaked a lot. In the default sets it has also ancient world namebases that starting from toponyms use a markov generator to build a random list that &lt;em&gt;sounds&lt;/em&gt; like a specific language, but is not.&lt;/p&gt;

&lt;p&gt;I generated many maps until I found a geography that stimulated my imagination, then I relocated the pre-generated culture and tweaked expansion setting for each of them. Then I generated states to popolate the map. Here is the first rendering I am proud of:&lt;/p&gt;

&lt;p&gt;&lt;img src=&quot;https://i.imgur.com/UtgXO9u.jpg&quot; alt=&quot;Roenia&quot; /&gt;&lt;/p&gt;</content><author><name>zeruhur</name><email>zeruhur@mail.com</email></author><category term="worldbuilding" /><category term="maps" /><category term="nerdthings" /><summary type="html">Recently I have found again the will to do some worldbuing. The starting points this time are a read and an app.</summary></entry></feed>